Harga,Kategori,Cluster
387000,Piston Helicopters,1
294900,Single Engine Piston,0
184900,Single Engine Piston,0
609000,Single Engine Piston,0
699000,Single Engine Piston,0
749000,Single Engine Piston,0
650000,Single Engine Piston,0
595000,Private Jets,2
420000,Single Engine Piston,0
1280000,Turbine Helicopters,9
279900,Single Engine Piston,0
185000,Single Engine Piston,0
889000,Single Engine Piston,0
304900,Single Engine Piston,0
80000,Single Engine Piston,0
115000,Single Engine Piston,0
249000,Single Engine Piston,0
249000,Single Engine Piston,0
125000,Single Engine Piston,0
99000,Single Engine Piston,0
221900,Single Engine Piston,0
234000,Multi Engine Piston,6
349900,Multi Engine Piston,6
995000,Turboprop,3
169900,Single Engine Piston,0
275000,Private Jets,2
139000,Single Engine Piston,0
259000,Single Engine Piston,0
375000,Single Engine Piston,0
4500000,Single Engine Piston,2
3995000,Single Engine Piston,0
1950000,Single Engine Piston,0
23900,Single Engine Piston,0
85000,Single Engine Piston,0
52500,Single Engine Piston,0
35500,Single Engine Piston,0
3250000,Single Engine Piston,0
1200000,Single Engine Piston,0
1600000,Single Engine Piston,0
1050000,Single Engine Piston,0
180000,Single Engine Piston,0
179000,Single Engine Piston,0
120000,Single Engine Piston,0
750000,Single Engine Piston,0
35500,Single Engine Piston,0
95000,Piston Helicopters,1
59500,Single Engine Piston,0
38000,Single Engine Piston,0
96000,Single Engine Piston,0
169000,Single Engine Piston,0
24000,Single Engine Piston,0
80000,Multi Engine Piston,6
129000,Multi Engine Piston,6
40000,Single Engine Piston,0
79900,Single Engine Piston,0
479000,Single Engine Piston,0
75000,Single Engine Piston,0
35000,Single Engine Piston,0
65000,Single Engine Piston,0
49872,Single Engine Piston,0
22000,Single Engine Piston,0
34500,Single Engine Piston,0
95000,Single Engine Piston,0
62000,Single Engine Piston,0
68900,Single Engine Piston,0
390000,Single Engine Piston,0
199900,Turbine Helicopters,3
175000,Single Engine Piston,0
124900,Multi Engine Piston,6
63900,Single Engine Piston,0
135000,Multi Engine Piston,6
75000,Single Engine Piston,0
89000,Single Engine Piston,0
299000,Turboprop,3
193000,Multi Engine Piston,6
108000,Single Engine Piston,0
164500,Multi Engine Piston,6
199500,Multi Engine Piston,6
169950,Multi Engine Piston,6
159000,Multi Engine Piston,6
85000,Single Engine Piston,0
139900,Multi Engine Piston,6
129500,Multi Engine Piston,6
125000,Single Engine Piston,0
226900,Turboprop,3
199000,Multi Engine Piston,6
259900,Multi Engine Piston,6
145000,Single Engine Piston,0
107000,Single Engine Piston,0
205000,Multi Engine Piston,6
219900,Multi Engine Piston,6
109000,Multi Engine Piston,6
239000,Multi Engine Piston,6
72000,Single Engine Piston,0
94900,Single Engine Piston,0
165000,Multi Engine Piston,6
112000,Single Engine Piston,0
108000,Single Engine Piston,0
285000,Multi Engine Piston,6
259000,Multi Engine Piston,6
325000,Multi Engine Piston,6
88500,Multi Engine Piston,6
94900,Single Engine Piston,0
125000,Single Engine Piston,0
195000,Multi Engine Piston,6
66000,Single Engine Piston,0
189000,Multi Engine Piston,6
179000,Multi Engine Piston,6
115000,Single Engine Piston,0
129900,Multi Engine Piston,6
419000,Multi Engine Piston,6
595000,Turboprop,3
125000,Single Engine Piston,0
135000,Single Engine Piston,0
249900,Single Engine Piston,0
398000,Single Engine Piston,0
117900,Single Engine Piston,0
319000,Single Engine Piston,0
112500,Single Engine Piston,0
163000,Single Engine Piston,0
1150000,Turboprop,3
13500,Single Engine Piston,0
129000,Single Engine Piston,0
438000,Single Engine Piston,0
424900,Single Engine Piston,0
129000,Single Engine Piston,0
209000,Single Engine Piston,0
269900,Single Engine Piston,0
1295000,Turboprop,9
2150000,Private Jets,2
449000,Single Engine Piston,0
189500,Single Engine Piston,0
145000,Single Engine Piston,0
139900,Single Engine Piston,0
110000,Single Engine Piston,0
370000,Multi Engine Piston,6
394000,Multi Engine Piston,6
220000,Single Engine Piston,0
289000,Single Engine Piston,0
95000,Piston Helicopters,1
107000,Single Engine Piston,0
150000,Single Engine Piston,0
1225000,Turboprop,3
167500,Single Engine Piston,0
119900,Single Engine Piston,0
169900,Single Engine Piston,0
435000,Private Jets,2
235000,Single Engine Piston,0
1475000,Turboprop,9
255000,Single Engine Piston,0
299000,Single Engine Piston,0
64500,Single Engine Piston,0
486000,Single Engine Piston,0
345000,Single Engine Piston,0
325000,Single Engine Piston,0
399000,Piston Helicopters,1
79500,Single Engine Piston,0
1600000,Turboprop,9
319900,Single Engine Piston,0
290000,Single Engine Piston,0
339900,Single Engine Piston,0
1695000,Turboprop,9
229000,Single Engine Piston,0
209900,Single Engine Piston,0
269900,Single Engine Piston,0
450000,Single Engine Piston,0
789000,Single Engine Piston,0
99900,Single Engine Piston,0
444000,Piston Helicopters,1
165000,Single Engine Piston,0
529900,Multi Engine Piston,6
221900,Single Engine Piston,0
82900,Single Engine Piston,0
182500,Multi Engine Piston,6
324900,Multi Engine Piston,6
99500,Single Engine Piston,0
59999,Single Engine Piston,0
379900,Turbine Helicopters,3
123000,Single Engine Piston,0
375000,Single Engine Piston,0
65000,Single Engine Piston,0
189000,Single Engine Piston,0
219900,Multi Engine Piston,6
164900,Multi Engine Piston,6
979000,Multi Engine Piston,6
3399000,Turboprop,8
670000,Turboprop,3
1795000,Single Engine Piston,0
395000,Private Jets,2
225000,Single Engine Piston,0
140000,Single Engine Piston,0
479010,Piston Helicopters,1
852000,Turbine Helicopters,3
189000,Single Engine Piston,0
99000,Single Engine Piston,0
190000,Piston Helicopters,1
348000,Single Engine Piston,0
229000,Multi Engine Piston,6
725000,Single Engine Piston,0
709000,Single Engine Piston,0
749000,Single Engine Piston,0
819000,Single Engine Piston,0
745000,Single Engine Piston,0
845000,Single Engine Piston,0
1995000,Private Jets,2
145000,Single Engine Piston,0
339000,Piston Helicopters,1
2150000,Turboprop,9
2499000,Turboprop,9
2358600,Turboprop,9
295000,Piston Helicopters,1
799000,Turbine Helicopters,3
158000,Piston Helicopters,1
3449000,Turboprop,8
3395000,Turboprop,8
207923,Single Engine Piston,0
549000,Single Engine Piston,0
324900,Single Engine Piston,0
485000,Single Engine Piston,0
519000,Single Engine Piston,0
1850000,Private Jets,2
569000,Single Engine Piston,0
89900,Gliders / Sailplanes,1
299000,Piston Helicopters,1
63000,Single Engine Piston,0
37500,Single Engine Piston,0
225000,Single Engine Piston,0
199500,Single Engine Piston,0
84500,Single Engine Piston,0
259500,Single Engine Piston,0
2995000,Turboprop,8
3595000,Turboprop,8
1950000,Turboprop,9
98000,Single Engine Piston,0
49900,Single Engine Piston,0
250000,Single Engine Piston,0
49999,Single Engine Piston,0
67900,Single Engine Piston,0
239900,Single Engine Piston,0
69900,Single Engine Piston,0
64450,Single Engine Piston,0
1999000,Turboprop,9
669000,Single Engine Piston,0
169900,Single Engine Piston,0
330000,Piston Helicopters,1
459000,Piston Helicopters,1
135000,Single Engine Piston,0
20000,Single Engine Piston,0
520000,Single Engine Piston,0
110000,Piston Helicopters,1
35000,Single Engine Piston,0
189000,Single Engine Piston,0
69500,Single Engine Piston,0
84900,Single Engine Piston,0
22000,Single Engine Piston,0
550000,Multi Engine Piston,6
369900,Single Engine Piston,0
1250000,Private Jets,2
257900,Single Engine Piston,0
2950000,Private Jets,2
324900,Single Engine Piston,0
274900,Single Engine Piston,0
279900,Single Engine Piston,0
250000,Single Engine Piston,0
294900,Single Engine Piston,0
49500,Single Engine Piston,0
239000,Single Engine Piston,0
297000,Single Engine Piston,0
140000,Single Engine Piston,0
69000,Piston Helicopters,1
59000,Piston Helicopters,1
240000,Piston Helicopters,1
55000,Piston Helicopters,1
279500,Single Engine Piston,0
1140000,Turboprop,3
325000,Single Engine Piston,0
209000,Single Engine Piston,0
2750000,Private Jets,2
109000,Single Engine Piston,0
89000,Single Engine Piston,0
310000,Single Engine Piston,0
232000,Single Engine Piston,0
108000,Single Engine Piston,0
189900,Single Engine Piston,0
385000,Multi Engine Piston,6
159000,Single Engine Piston,0
75500,Single Engine Piston,0
87500,Single Engine Piston,0
85000,Piston Helicopters,1
38000,Piston Helicopters,1
147000,Piston Helicopters,1
64000,Single Engine Piston,0
339000,Multi Engine Piston,6
3375000,Turbine Helicopters,8
1095000,Private Jets,2
67500,Single Engine Piston,0
50000,Single Engine Piston,0
1025000,Turboprop,3
950000,Turboprop,3
49000,Single Engine Piston,0
160000,Piston Helicopters,1
575000,Turbine Helicopters,3
78700,Single Engine Piston,0
91900,Single Engine Piston,0
155000,Single Engine Piston,0
173900,Single Engine Piston,0
199500,Multi Engine Piston,6
259000,Single Engine Piston,0
365000,Private Jets,2
155000,Private Jets,2
189800,Multi Engine Piston,6
235000,Single Engine Piston,0
599000,Turbine Helicopters,3
65000,Single Engine Piston,0
150000,Multi Engine Piston,6
169500,Single Engine Piston,0
145000,Multi Engine Piston,6
139500,Multi Engine Piston,6
900000,Private Jets,2
395000,Private Jets,2
899000,Turboprop,3
550000,Turboprop,3
575000,Turboprop,3
540000,Turboprop,3
199900,Single Engine Piston,0
205000,Single Engine Piston,0
147500,Single Engine Piston,0
239500,Single Engine Piston,0
199900,Single Engine Piston,0
192500,Single Engine Piston,0
474900,Private Jets,2
549900,Turboprop,3
698000,Turboprop,3
59900,Single Engine Piston,0
85000,Single Engine Piston,0
134900,Single Engine Piston,0
100000,Single Engine Piston,0
349000,Multi Engine Piston,6
185995,Multi Engine Piston,6
117000,Single Engine Piston,0
74500,Single Engine Piston,0
124500,Single Engine Piston,0
84000,Single Engine Piston,0
50000,Single Engine Piston,0
49853,Single Engine Piston,0
1495000,Turbine Helicopters,9
65000,Single Engine Piston,0
98500,Single Engine Piston,0
84000,Single Engine Piston,0
129900,Single Engine Piston,0
60000,Single Engine Piston,0
70000,Single Engine Piston,0
164900,Single Engine Piston,0
47500,Single Engine Piston,0
110000,Single Engine Piston,0
99000,Single Engine Piston,0
79500,Single Engine Piston,0
95000,Single Engine Piston,0
109500,Single Engine Piston,0
115000,Multi Engine Piston,6
299900,Multi Engine Piston,6
159000,Multi Engine Piston,6
299900,Multi Engine Piston,6
139900,Multi Engine Piston,6
199000,Multi Engine Piston,6
210000,Multi Engine Piston,6
179000,Multi Engine Piston,6
185000,Multi Engine Piston,6
279000,Multi Engine Piston,6
139900,Single Engine Piston,0
95000,Single Engine Piston,0
975000,Private Jets,2
239000,Single Engine Piston,0
144000,Single Engine Piston,0
210000,Single Engine Piston,0
375000,Single Engine Piston,0
130000,Single Engine Piston,0
85000,Single Engine Piston,0
69950,Single Engine Piston,0
165900,Single Engine Piston,0
150000,Multi Engine Piston,6
310000,Multi Engine Piston,6
210000,Multi Engine Piston,6
150000,Multi Engine Piston,6
119000,Single Engine Piston,0
105000,Single Engine Piston,0
116900,Single Engine Piston,0
79900,Multi Engine Piston,6
62900,Single Engine Piston,0
46000,Single Engine Piston,0
279000,Turboprop,3
340000,Turboprop,3
149000,Multi Engine Piston,6
239000,Multi Engine Piston,6
119500,Multi Engine Piston,6
175000,Multi Engine Piston,6
179000,Multi Engine Piston,6
145000,Multi Engine Piston,6
49950,Single Engine Piston,0
124000,Single Engine Piston,0
49900,Single Engine Piston,0
42500,Single Engine Piston,0
87500,Single Engine Piston,0
129900,Single Engine Piston,0
149000,Single Engine Piston,0
94900,Single Engine Piston,0
104000,Single Engine Piston,0
119500,Single Engine Piston,0
105500,Single Engine Piston,0
139900,Single Engine Piston,0
99950,Single Engine Piston,0
70000,Single Engine Piston,0
97000,Single Engine Piston,0
140000,Single Engine Piston,0
105000,Multi Engine Piston,6
124000,Multi Engine Piston,6
219000,Multi Engine Piston,6
275000,Multi Engine Piston,6
329000,Multi Engine Piston,6
259000,Multi Engine Piston,6
194500,Multi Engine Piston,6
187000,Multi Engine Piston,6
249000,Multi Engine Piston,6
299000,Multi Engine Piston,6
179900,Private Jets,2
129500,Single Engine Piston,0
172900,Single Engine Piston,0
89500,Single Engine Piston,0
65000,Single Engine Piston,0
109000,Single Engine Piston,0
230000,Single Engine Piston,0
295000,Private Jets,2
190000,Multi Engine Piston,6
144000,Multi Engine Piston,6
166500,Multi Engine Piston,6
119000,Multi Engine Piston,6
399000,Multi Engine Piston,6
120000,Single Engine Piston,0
195000,Multi Engine Piston,6
219950,Multi Engine Piston,6
189900,Single Engine Piston,0
72000,Single Engine Piston,0
135000,Multi Engine Piston,6
899000,Turboprop,3
159000,Single Engine Piston,0
140000,Single Engine Piston,0
94500,Single Engine Piston,0
82500,Single Engine Piston,0
220000,Single Engine Piston,0
135000,Single Engine Piston,0
121500,Single Engine Piston,0
139900,Single Engine Piston,0
94900,Single Engine Piston,0
140000,Single Engine Piston,0
165000,Single Engine Piston,0
107000,Single Engine Piston,0
165000,Multi Engine Piston,6
165000,Multi Engine Piston,6
158500,Multi Engine Piston,6
295000,Multi Engine Piston,6
295000,Multi Engine Piston,6
299000,Multi Engine Piston,6
269000,Single Engine Piston,0
179900,Single Engine Piston,0
775000,Turboprop,3
179900,Single Engine Piston,0
209900,Single Engine Piston,0
159000,Single Engine Piston,0
98900,Single Engine Piston,0
249000,Single Engine Piston,0
160000,Single Engine Piston,0
63000,Single Engine Piston,0
130000,Single Engine Piston,0
94999,Single Engine Piston,0
140000,Single Engine Piston,0
56900,Single Engine Piston,0
64950,Single Engine Piston,0
120000,Single Engine Piston,0
104900,Single Engine Piston,0
179900,Single Engine Piston,0
199000,Multi Engine Piston,6
225000,Multi Engine Piston,6
92000,Multi Engine Piston,6
86500,Multi Engine Piston,6
145000,Multi Engine Piston,6
129000,Multi Engine Piston,6
24900,Single Engine Piston,0
210000,Multi Engine Piston,6
165000,Multi Engine Piston,6
117000,Multi Engine Piston,6
449000,Turboprop,3
559000,Turboprop,3
32900,Single Engine Piston,0
44000,Single Engine Piston,0
119900,Single Engine Piston,0
54500,Single Engine Piston,0
59500,Single Engine Piston,0
130000,Single Engine Piston,0
59000,Single Engine Piston,0
95000,Single Engine Piston,0
105000,Single Engine Piston,0
90000,Single Engine Piston,0
99500,Single Engine Piston,0
119900,Single Engine Piston,0
125000,Single Engine Piston,0
230000,Multi Engine Piston,6
300000,Turboprop,3
499000,Turboprop,3
189900,Single Engine Piston,0
154500,Single Engine Piston,0
299900,Multi Engine Piston,6
109500,Multi Engine Piston,6
168000,Single Engine Piston,0
32000,Single Engine Piston,0
159000,Multi Engine Piston,6
189000,Multi Engine Piston,6
320000,Multi Engine Piston,6
299000,Single Engine Piston,0
229000,Multi Engine Piston,6
895000,Turboprop,3
19950,Single Engine Piston,0
449950,Turbine Helicopters,3
41500,Single Engine Piston,0
59900,Single Engine Piston,0
55000,Single Engine Piston,0
136500,Single Engine Piston,0
120000,Single Engine Piston,0
139500,Single Engine Piston,0
159000,Multi Engine Piston,6
449000,Multi Engine Piston,6
185000,Multi Engine Piston,6
379000,Multi Engine Piston,6
195000,Multi Engine Piston,6
399000,Private Jets,2
345000,Turboprop,3
209000,Single Engine Piston,0
237000,Single Engine Piston,0
225000,Single Engine Piston,0
169000,Single Engine Piston,0
450000,Turboprop,3
175000,Piston Helicopters,1
78000,Single Engine Piston,0
95000,Single Engine Piston,0
108500,Single Engine Piston,0
79500,Single Engine Piston,0
99500,Single Engine Piston,0
349500,Turboprop,3
140000,Single Engine Piston,0
319000,Multi Engine Piston,6
179900,Multi Engine Piston,6
249000,Multi Engine Piston,6
323000,Multi Engine Piston,6
129500,Single Engine Piston,0
165000,Single Engine Piston,0
129900,Multi Engine Piston,6
159500,Single Engine Piston,0
140000,Single Engine Piston,0
79900,Multi Engine Piston,6
62000,Single Engine Piston,0
259000,Private Jets,2
249900,Single Engine Piston,0
795000,Turboprop,3
65000,Single Engine Piston,0
85000,Single Engine Piston,0
535000,Multi Engine Piston,6
475000,Multi Engine Piston,6
399000,Multi Engine Piston,6
215000,Single Engine Piston,0
159950,Private Jets,2
575000,Private Jets,2
225000,Single Engine Piston,0
399000,Multi Engine Piston,6
390000,Multi Engine Piston,6
169000,Single Engine Piston,0
139500,Single Engine Piston,0
645000,Turboprop,3
215000,Single Engine Piston,0
180000,Single Engine Piston,0
239000,Multi Engine Piston,6
174500,Single Engine Piston,0
29500,Single Engine Piston,0
89700,Single Engine Piston,0
151000,Piston Helicopters,1
385000,Private Jets,2
86000,Single Engine Piston,0
315000,Private Jets,2
295000,Single Engine Piston,0
445000,Turboprop,3
129900,Single Engine Piston,0
110000,Single Engine Piston,0
149900,Single Engine Piston,0
165000,Single Engine Piston,0
325000,Multi Engine Piston,6
495000,Turboprop,3
69900,Single Engine Piston,0
79000,Single Engine Piston,0
235000,Private Jets,2
285000,Single Engine Piston,0
63500,Single Engine Piston,0
255000,Single Engine Piston,0
21500,Single Engine Piston,0
134900,Single Engine Piston,0
465000,Private Jets,2
290000,Single Engine Piston,0
310000,Single Engine Piston,0
320000,Single Engine Piston,0
185000,Single Engine Piston,0
129900,Single Engine Piston,0
85000,Single Engine Piston,0
137500,Single Engine Piston,0
279000,Single Engine Piston,0
32000,Single Engine Piston,0
319900,Multi Engine Piston,6
259995,Single Engine Piston,0
245000,Single Engine Piston,0
189000,Single Engine Piston,0
295000,Piston Helicopters,1
239000,Single Engine Piston,0
325000,Single Engine Piston,0
74000,Single Engine Piston,0
114900,Single Engine Piston,0
220000,Single Engine Piston,0
235000,Single Engine Piston,0
249000,Single Engine Piston,0
795000,Turboprop,3
105000,Single Engine Piston,0
52500,Single Engine Piston,0
165000,Single Engine Piston,0
167500,Single Engine Piston,0
295000,Single Engine Piston,0
169000,Piston Helicopters,1
165500,Single Engine Piston,0
179000,Single Engine Piston,0
118000,Single Engine Piston,0
1795000,Turboprop,9
109000,Single Engine Piston,0
84500,Single Engine Piston,0
299000,Single Engine Piston,0
1100000,Private Jets,2
525000,Turbine Helicopters,3
189000,Single Engine Piston,0
385000,Single Engine Piston,0
55000,Single Engine Piston,0
225000,Multi Engine Piston,6
99900,Piston Helicopters,1
39900,Single Engine Piston,0
450000,Single Engine Piston,0
89900,Single Engine Piston,0
325000,Turboprop,3
1295000,Turboprop,9
155000,Single Engine Piston,0
1965000,Private Jets,2
69000,Single Engine Piston,0
73000,Single Engine Piston,0
199900,Single Engine Piston,0
149500,Single Engine Piston,0
25000,Single Engine Piston,0
25000,Single Engine Piston,0
1245000,Private Jets,2
210000,Single Engine Piston,0
239900,Single Engine Piston,0
100000,Piston Helicopters,1
420000,Turboprop,3
395000,Multi Engine Piston,6
325000,Single Engine Piston,0
2150000,Turboprop,9
1395000,Turboprop,9
148900,Single Engine Piston,0
119500,Single Engine Piston,0
1250000,Private Jets,2
189900,Single Engine Piston,0
725000,Private Jets,2
485000,Single Engine Piston,0
265000,Single Engine Piston,0
129000,Single Engine Piston,0
695000,Single Engine Piston,0
1199000,Private Jets,2
110000,Single Engine Piston,0
155000,Single Engine Piston,0
150000,Single Engine Piston,0
375000,Single Engine Piston,0
335000,Single Engine Piston,0
1795000,Turboprop,9
4000000,Private Jets,7
159000,Single Engine Piston,0
139900,Single Engine Piston,0
154900,Single Engine Piston,0
275000,Single Engine Piston,0
85500,Single Engine Piston,0
239000,Single Engine Piston,0
420000,Single Engine Piston,0
289900,Single Engine Piston,0
155000,Piston Helicopters,1
65000,Single Engine Piston,0
342000,Turboprop,3
34000,Single Engine Piston,0
330000,Turboprop,3
82000,Single Engine Piston,0
319000,Single Engine Piston,0
2750000,Turboprop,8
465000,Single Engine Piston,0
189500,Single Engine Piston,0
185000,Single Engine Piston,0
175000,Single Engine Piston,0
479900,Single Engine Piston,0
445000,Single Engine Piston,0
76000,Single Engine Piston,0
175000,Piston Helicopters,1
186930,Piston Helicopters,1
170000,Single Engine Piston,0
239500,Single Engine Piston,0
79000,Single Engine Piston,0
65000,Single Engine Piston,0
126000,Single Engine Piston,0
225000,Single Engine Piston,0
159900,Single Engine Piston,0
309000,Single Engine Piston,0
369000,Single Engine Piston,0
199900,Single Engine Piston,0
219500,Single Engine Piston,0
250000,Single Engine Piston,0
229000,Single Engine Piston,0
129900,Single Engine Piston,0
114000,Single Engine Piston,0
45000,Single Engine Piston,0
260000,Piston Helicopters,1
235000,Single Engine Piston,0
1495000,Private Jets,2
189000,Single Engine Piston,0
190000,Single Engine Piston,0
114900,Single Engine Piston,0
179900,Single Engine Piston,0
209900,Single Engine Piston,0
184900,Single Engine Piston,0
197500,Single Engine Piston,0
575000,Single Engine Piston,0
157000,Single Engine Piston,0
30000,Single Engine Piston,0
75000,Single Engine Piston,0
279900,Single Engine Piston,0
269900,Single Engine Piston,0
260000,Single Engine Piston,0
389000,Multi Engine Piston,6
380000,Single Engine Piston,0
1850000,Turboprop,9
239950,Single Engine Piston,0
225000,Single Engine Piston,0
225000,Single Engine Piston,0
214900,Single Engine Piston,0
204900,Single Engine Piston,0
250000,Single Engine Piston,0
225000,Single Engine Piston,0
225000,Single Engine Piston,0
10900,Single Engine Piston,0
140000,Single Engine Piston,0
975000,Single Engine Piston,0
899900,Turboprop,3
17500,Single Engine Piston,0
235000,Piston Helicopters,1
222900,Piston Helicopters,1
190000,Single Engine Piston,0
159900,Single Engine Piston,0
1195000,Turboprop,3
235000,Single Engine Piston,0
2580000,Private Jets,2
369000,Single Engine Piston,0
259000,Single Engine Piston,0
239000,Single Engine Piston,0
209900,Single Engine Piston,0
95900,Single Engine Piston,0
185000,Single Engine Piston,0
225000,Single Engine Piston,0
180000,Piston Helicopters,1
89900,Single Engine Piston,0
159900,Single Engine Piston,0
795000,Turboprop,3
55000,Piston Helicopters,1
240000,Piston Helicopters,1
599000,Single Engine Piston,0
15000,Single Engine Piston,0
64900,Single Engine Piston,0
159000,Piston Helicopters,1
58000,Piston Helicopters,1
125000,Piston Helicopters,1
130000,Piston Helicopters,1
149000,Piston Helicopters,1
39900,Piston Helicopters,1
89000,Single Engine Piston,0
42000,Single Engine Piston,0
199600,Single Engine Piston,0
145000,Single Engine Piston,0
1675000,Private Jets,2
189000,Single Engine Piston,0
1725000,Turboprop,9
195000,Single Engine Piston,0
174900,Single Engine Piston,0
219000,Single Engine Piston,0
289900,Single Engine Piston,0
275000,Single Engine Piston,0
309000,Single Engine Piston,0
349995,Single Engine Piston,0
284900,Single Engine Piston,0
279000,Single Engine Piston,0
279000,Single Engine Piston,0
249900,Single Engine Piston,0
199500,Single Engine Piston,0
419900,Multi Engine Piston,6
149900,Single Engine Piston,0
215000,Multi Engine Piston,6
395000,Single Engine Piston,0
2495000,Private Jets,2
40000,Ultralight,1
200000,Single Engine Piston,0
215000,Single Engine Piston,0
102000,Single Engine Piston,0
1049000,Turboprop,3
349500,Single Engine Piston,0
115000,Piston Helicopters,1
378000,Piston Helicopters,1
219900,Piston Helicopters,1
415000,Piston Helicopters,1
389000,Piston Helicopters,1
435000,Piston Helicopters,1
175000,Single Engine Piston,0
395000,Turboprop,3
28000,Single Engine Piston,0
69900,Ultralight,1
89000,Single Engine Piston,0
699000,Multi Engine Piston,6
214900,Single Engine Piston,0
1500000,Turboprop,9
1150000,Private Jets,2
259000,Single Engine Piston,0
175000,Single Engine Piston,0
319000,Single Engine Piston,0
299000,Single Engine Piston,0
315000,Single Engine Piston,0
335000,Single Engine Piston,0
299000,Single Engine Piston,0
329000,Single Engine Piston,0
315000,Single Engine Piston,0
269900,Single Engine Piston,0
269900,Single Engine Piston,0
327000,Single Engine Piston,0
329000,Single Engine Piston,0
114900,Single Engine Piston,0
75000,Single Engine Piston,0
250000,Multi Engine Piston,6
274000,Multi Engine Piston,6
259000,Multi Engine Piston,6
1595000,Turboprop,9
379000,Single Engine Piston,0
389000,Single Engine Piston,0
349000,Single Engine Piston,0
369500,Single Engine Piston,0
349500,Single Engine Piston,0
419000,Single Engine Piston,0
359900,Single Engine Piston,0
89900,Single Engine Piston,0
2500000,Private Jets,2
67900,Single Engine Piston,0
359900,Single Engine Piston,0
339600,Single Engine Piston,0
70000,Single Engine Piston,0
425000,Single Engine Piston,0
125000,Piston Helicopters,1
1850000,Turboprop,9
224500,Single Engine Piston,0
74500,Single Engine Piston,0
18500,Single Engine Piston,0
69900,Single Engine Piston,0
33500,Single Engine Piston,0
75500,Single Engine Piston,0
59500,Single Engine Piston,0
1995000,Private Jets,2
419000,Single Engine Piston,0
385000,Single Engine Piston,0
392000,Single Engine Piston,0
1195000,Private Jets,2
1775000,Private Jets,2
550000,Turbine Helicopters,3
65000,Single Engine Piston,0
210000,Single Engine Piston,0
3850000,Private Jets,7
3495000,Turboprop,8
239000,Piston Helicopters,1
390000,Piston Helicopters,1
550000,Turboprop,3
1975000,Turbine Helicopters,9
275000,Single Engine Piston,0
459900,Single Engine Piston,0
459900,Single Engine Piston,0
79000,Single Engine Piston,0
1695000,Private Jets,2
1849000,Private Jets,2
559000,Single Engine Piston,0
114500,Single Engine Piston,0
99500,Single Engine Piston,0
112000,Single Engine Piston,0
169900,Single Engine Piston,0
59000,Single Engine Piston,0
345000,Single Engine Piston,0
419900,Single Engine Piston,0
474900,Single Engine Piston,0
415000,Single Engine Piston,0
479000,Single Engine Piston,0
479900,Single Engine Piston,0
175000,Single Engine Piston,0
228000,Single Engine Piston,0
1859000,Private Jets,2
1200000,Turbine Helicopters,9
549500,Single Engine Piston,0
199000,Piston Helicopters,1
425000,Piston Helicopters,1
895000,Turbine Helicopters,3
62995,Single Engine Piston,0
190000,Single Engine Piston,0
189500,Single Engine Piston,0
625000,Single Engine Piston,0
579900,Single Engine Piston,0
625000,Single Engine Piston,0
555000,Single Engine Piston,0
559000,Single Engine Piston,0
499900,Single Engine Piston,0
175000,Single Engine Piston,0
85000,Single Engine Piston,0
575000,Single Engine Piston,0
229900,Single Engine Piston,0
299900,Single Engine Piston,0
600000,Turbine Helicopters,3
759000,Turbine Helicopters,3
150000,Single Engine Piston,0
74500,Single Engine Piston,0
64900,Single Engine Piston,0
85000,Single Engine Piston,0
229500,Single Engine Piston,0
135000,Single Engine Piston,0
999000,Multi Engine Piston,6
549000,Single Engine Piston,0
549000,Single Engine Piston,0
615000,Single Engine Piston,0
589900,Single Engine Piston,0
589000,Single Engine Piston,0
560000,Single Engine Piston,0
195000,Single Engine Piston,0
52000,Single Engine Piston,0
114500,Single Engine Piston,0
36000,Single Engine Piston,0
795000,Turboprop,3
199000,Multi Engine Piston,6
2395000,Private Jets,2
799900,Single Engine Piston,0
116500,Single Engine Piston,0
124500,Single Engine Piston,0
115000,Single Engine Piston,0
105000,Single Engine Piston,0
28000,Single Engine Piston,0
3095000,Turbine Helicopters,8
159900,Single Engine Piston,0
575000,Single Engine Piston,0
595000,Single Engine Piston,0
569900,Single Engine Piston,0
640000,Single Engine Piston,0
895000,Single Engine Piston,0
1495000,Turboprop,9
1585000,Turboprop,9
1500000,Turboprop,9
119000,Single Engine Piston,0
795000,Single Engine Piston,0
719900,Single Engine Piston,0
550000,Single Engine Piston,0
689000,Single Engine Piston,0
729900,Single Engine Piston,0
729900,Single Engine Piston,0
650000,Single Engine Piston,0
234999,Single Engine Piston,0
98500,Single Engine Piston,0
439000,Multi Engine Piston,6
79900,Single Engine Piston,0
85000,Single Engine Piston,0
214750,Single Engine Piston,0
92000,Gyrocopter,1
105000,Gyrocopter,1
70000,Gyrocopter,1
829000,Single Engine Piston,0
625000,Single Engine Piston,0
173491,Single Engine Piston,0
209268,Single Engine Piston,0
649000,Single Engine Piston,0
889000,Single Engine Piston,0
865000,Single Engine Piston,0
889000,Single Engine Piston,0
1900000,Private Jets,2
1900000,Private Jets,2
1900000,Private Jets,2
220000,Single Engine Piston,0
679900,Single Engine Piston,0
6000,Single Engine Piston,0
1779000,Turboprop,9
75000,Single Engine Piston,0
4800000,Private Jets,7
3995000,Turbine Helicopters,8
193887,Single Engine Piston,0
209269,Single Engine Piston,0
296372,Single Engine Piston,0
242783,Single Engine Piston,0
859900,Single Engine Piston,0
899900,Single Engine Piston,0
899000,Single Engine Piston,0
2695000,Private Jets,2
2790000,Private Jets,2
2795000,Private Jets,2
250000,Single Engine Piston,0
224900,Single Engine Piston,0
182000,Single Engine Piston,0
156000,Single Engine Piston,0
159000,Single Engine Piston,0
14000,Single Engine Piston,0
639000,Single Engine Piston,0
389900,Single Engine Piston,0
169000,Single Engine Piston,0
280000,Gliders / Sailplanes,1
105000,Single Engine Piston,0
88500,Single Engine Piston,0
99000,Single Engine Piston,0
263900,Single Engine Piston,0
289638,Single Engine Piston,0
168999,Single Engine Piston,0
799000,Single Engine Piston,0
325000,Single Engine Piston,0
211250,Single Engine Piston,0
1430825,Multi Engine Piston,6
3261955,Turboprop,8
295040,Piston Helicopters,1
335000,Piston Helicopters,1
347480,Piston Helicopters,1
389526,Piston Helicopters,1
379010,Piston Helicopters,1
465000,Piston Helicopters,1
259500,Single Engine Piston,0
2250000,Single Engine Piston,0
29500,Single Engine Piston,0
110000,Single Engine Piston,0
129950,Private Jets,2
286000,Piston Helicopters,1
207994,Single Engine Piston,0
1417560,Multi Engine Piston,6
795000,Single Engine Piston,0
486000,Piston Helicopters,1
523000,Piston Helicopters,1
229823,Single Engine Piston,0
99999,Single Engine Piston,0
895000,Single Engine Piston,0
325000,Single Engine Piston,0
689900,Single Engine Piston,0
559900,Single Engine Piston,0
399500,Single Engine Piston,0
270000,Piston Helicopters,1
1395000,Turboprop,9
499000,Single Engine Piston,0
99500,Single Engine Piston,0
889000,Multi Engine Piston,6
199900,Single Engine Piston,0
59900,Single Engine Piston,0
90000,Single Engine Piston,0
439000,Single Engine Piston,0
130000,Single Engine Piston,0
255000,Piston Helicopters,1
925000,Turboprop,3
975000,Turboprop,3
1699000,Turboprop,9
175000,Piston Helicopters,1
435000,Single Engine Piston,0
339900,Single Engine Piston,0
249900,Single Engine Piston,0
282000,Piston Helicopters,1
199000,Piston Helicopters,1
249000,Piston Helicopters,1
274900,Single Engine Piston,0
438000,Single Engine Piston,0
800000,Turboprop,3
92500,Single Engine Piston,0
289000,Single Engine Piston,0
1325000,Turboprop,9
425000,Private Jets,2
239500,Single Engine Piston,0
695000,Private Jets,2
195000,Single Engine Piston,0
364900,Single Engine Piston,0
165000,Single Engine Piston,0
159900,Single Engine Piston,0
189000,Single Engine Piston,0
165000,Multi Engine Piston,6
89900,Single Engine Piston,0
189950,Single Engine Piston,0
109000,Single Engine Piston,0
69000,Single Engine Piston,0
205000,Single Engine Piston,0
195000,Multi Engine Piston,6
188000,Multi Engine Piston,6
24950,Single Engine Piston,0
79000,Single Engine Piston,0
399000,Private Jets,2
69000,Single Engine Piston,0
164900,Single Engine Piston,0
129950,Multi Engine Piston,6
1200000,Turboprop,3
196000,Single Engine Piston,0
145000,Single Engine Piston,0
30900,Single Engine Piston,0
72000,Single Engine Piston,0
39950,Single Engine Piston,0
95000,Single Engine Piston,0
92500,Single Engine Piston,0
95900,Single Engine Piston,0
38000,Single Engine Piston,0
120000,Single Engine Piston,0
575000,Private Jets,2
349500,Multi Engine Piston,6
399000,Multi Engine Piston,6
199000,Multi Engine Piston,6
76500,Single Engine Piston,0
109000,Single Engine Piston,0
235000,Single Engine Piston,0
950000,Private Jets,2
295000,Turboprop,3
159000,Single Engine Piston,0
199900,Single Engine Piston,0
69900,Single Engine Piston,0
169900,Multi Engine Piston,6
62900,Single Engine Piston,0
65000,Single Engine Piston,0
47500,Single Engine Piston,0
119000,Multi Engine Piston,6
109000,Single Engine Piston,0
94750,Multi Engine Piston,6
129000,Multi Engine Piston,6
42000,Single Engine Piston,0
48500,Single Engine Piston,0
59900,Single Engine Piston,0
50000,Single Engine Piston,0
52000,Single Engine Piston,0
40000,Single Engine Piston,0
22500,Single Engine Piston,0
69950,Single Engine Piston,0
85900,Single Engine Piston,0
129900,Single Engine Piston,0
59900,Single Engine Piston,0
82500,Single Engine Piston,0
112500,Multi Engine Piston,6
65000,Multi Engine Piston,6
190000,Single Engine Piston,0
499000,Turboprop,3
129000,Single Engine Piston,0
330000,Turbine Helicopters,3
69500,Single Engine Piston,0
36500,Single Engine Piston,0
63000,Single Engine Piston,0
49900,Single Engine Piston,0
68500,Single Engine Piston,0
89500,Multi Engine Piston,6
165500,Multi Engine Piston,6
49950,Multi Engine Piston,6
165000,Single Engine Piston,0
69000,Multi Engine Piston,6
113500,Single Engine Piston,0
199000,Single Engine Piston,0
59000,Single Engine Piston,0
64900,Single Engine Piston,0
65000,Single Engine Piston,0
99000,Multi Engine Piston,6
64900,Single Engine Piston,0
54900,Single Engine Piston,0
69900,Multi Engine Piston,6
115000,Multi Engine Piston,6
199000,Single Engine Piston,0
425000,Turboprop,3
85000,Multi Engine Piston,6
67500,Single Engine Piston,0
249000,Turboprop,3
380000,Turboprop,3
195000,Multi Engine Piston,6
89900,Single Engine Piston,0
32000,Single Engine Piston,0
51000,Single Engine Piston,0
45500,Single Engine Piston,0
68500,Single Engine Piston,0
67000,Single Engine Piston,0
149900,Single Engine Piston,0
99500,Single Engine Piston,0
67000,Single Engine Piston,0
9000,Multi Engine Piston,6
59000,Multi Engine Piston,6
38500,Single Engine Piston,0
49000,Multi Engine Piston,6
55500,Single Engine Piston,0
25000,Single Engine Piston,0
52500,Multi Engine Piston,6
500000,Single Engine Piston,0
7000,Single Engine Piston,0
59700,Single Engine Piston,0
120000,Multi Engine Piston,6
79000,Single Engine Piston,0
44000,Single Engine Piston,0
179500,Multi Engine Piston,6
64500,Single Engine Piston,0
62900,Single Engine Piston,0
54500,Single Engine Piston,0
225000,Single Engine Piston,0
79500,Single Engine Piston,0
62995,Single Engine Piston,0
69900,Single Engine Piston,0
130000,Single Engine Piston,0
29000,Single Engine Piston,0
95000,Single Engine Piston,0
33000,Single Engine Piston,0
19900,Single Engine Piston,0
27500,Single Engine Piston,0
35000,Single Engine Piston,0
30000,Single Engine Piston,0
44000,Single Engine Piston,0
27500,Single Engine Piston,0
32000,Single Engine Piston,0
26500,Single Engine Piston,0
28900,Single Engine Piston,0
29500,Single Engine Piston,0
7000,Single Engine Piston,0
33000,Single Engine Piston,0
46500,Single Engine Piston,0
29750,Single Engine Piston,0
250000,Multi Engine Piston,6
25000,Single Engine Piston,0
24000,Single Engine Piston,0
18000,Single Engine Piston,0
47000,Single Engine Piston,0
125000,Single Engine Piston,0
2000000,Private Jets,2
2995000,Private Jets,2
5500000,Private Jets,7
179900,Single Engine Piston,0
100000,Single Engine Piston,0
499900,Single Engine Piston,0
539900,Single Engine Piston,0
565000,Single Engine Piston,0
2750000,Turboprop,8
87500,Single Engine Piston,0
695000,Private Jets,2
475000,Single Engine Piston,0
14000,Single Engine Piston,0
10000,Single Engine Piston,0
165000,Single Engine Piston,0
125000,Piston Helicopters,1
85000,Single Engine Piston,0
78000,Single Engine Piston,0
88350,Piston Helicopters,1
3000000,Turboprop,8
68000,Single Engine Piston,0
11500,Single Engine Piston,0
40000,Private Jets,2
235000,Single Engine Piston,0
2950000,Multi Engine Piston,3
199900,Single Engine Piston,0
529000,Single Engine Piston,0
529000,Single Engine Piston,0
3350000,Single Engine Piston,0
3500,Single Engine Piston,0
64000,Single Engine Piston,0
179000,Multi Engine Piston,6
210000,Multi Engine Piston,6
79500,Multi Engine Piston,6
25000,Single Engine Piston,0
210000,Private Jets,2
55500,Single Engine Piston,0
225000,Single Engine Piston,0
1400000,Multi Engine Piston,6
85000,Single Engine Piston,0
795000,Multi Engine Piston,6
235000,Single Engine Piston,0
199000,Single Engine Piston,0
140000,Single Engine Piston,0
185000,Single Engine Piston,0
568000,Multi Engine Piston,6
995000,Multi Engine Piston,6
295000,Single Engine Piston,0
8900,Single Engine Piston,0
65000,Single Engine Piston,0
29900,Single Engine Piston,0
39000,Single Engine Piston,0
36000,Single Engine Piston,0
36000,Single Engine Piston,0
33000,Single Engine Piston,0
33000,Single Engine Piston,0
32000,Single Engine Piston,0
35000,Single Engine Piston,0
186000,Single Engine Piston,0
139000,Single Engine Piston,0
135000,Single Engine Piston,0
250000,Single Engine Piston,0
106000,Single Engine Piston,0
135000,Single Engine Piston,0
1575000,Single Engine Piston,0
79500,Single Engine Piston,0
260000,Multi Engine Piston,6
119000,Single Engine Piston,0
337000,Single Engine Piston,0
129950,Single Engine Piston,0
260000,Multi Engine Piston,6
1495000,Single Engine Piston,0
190000,Single Engine Piston,0
220000,Single Engine Piston,0
124900,Single Engine Piston,0
45000,Single Engine Piston,0
395000,Single Engine Piston,0
85000,Single Engine Piston,0
95000,Single Engine Piston,0
170000,Single Engine Piston,0
29900,Single Engine Piston,0
114900,Single Engine Piston,0
430000,Multi Engine Piston,6
189000,Single Engine Piston,0
1995000,Single Engine Piston,0
229000,Single Engine Piston,0
27500,Single Engine Piston,0
44950,Single Engine Piston,0
27900,Single Engine Piston,0
21900,Single Engine Piston,0
19500,Single Engine Piston,0
30000,Single Engine Piston,0
35900,Single Engine Piston,0
28500,Single Engine Piston,0
35000,Single Engine Piston,0
165000,Single Engine Piston,0
25000,Single Engine Piston,0
35000,Single Engine Piston,0
37500,Single Engine Piston,0
25000,Single Engine Piston,0
25000,Single Engine Piston,0
55000,Single Engine Piston,0
225000,Single Engine Piston,0
1500000,Multi Engine Piston,6
34500,Single Engine Piston,0
45000,Single Engine Piston,0
37500,Single Engine Piston,0
59900,Single Engine Piston,0
35000,Single Engine Piston,0
85500,Single Engine Piston,0
75000,Single Engine Piston,0
13000,Single Engine Piston,0
92000,Single Engine Piston,0
87500,Single Engine Piston,0
20000,Single Engine Piston,0
55000,Single Engine Piston,0
39900,Single Engine Piston,0
36500,Single Engine Piston,0
125000,Piston Helicopters,1
54900,Single Engine Piston,0
75000,Single Engine Piston,0
195000,Single Engine Piston,0
134000,Single Engine Piston,0
26000,Single Engine Piston,0
55000,Single Engine Piston,0
39000,Single Engine Piston,0
59000,Single Engine Piston,0
159900,Single Engine Piston,0
95000,Single Engine Piston,0
52000,Single Engine Piston,0
119000,Single Engine Piston,0
3450000,Single Engine Piston,0
90000,Single Engine Piston,0
60000,Single Engine Piston,0
39950,Single Engine Piston,0
225000,Single Engine Piston,0
600000,Single Engine Piston,0
185000,Single Engine Piston,0
72000,Single Engine Piston,0
275000,Private Jets,2
198000,Single Engine Piston,0
100000,Single Engine Piston,0
453000,Single Engine Piston,0
199000,Single Engine Piston,0
165000,Single Engine Piston,0
79500,Single Engine Piston,0
77750,Single Engine Piston,0
115000,Single Engine Piston,0
46900,Single Engine Piston,0
179000,Single Engine Piston,0
109000,Single Engine Piston,0
267500,Single Engine Piston,0
179000,Single Engine Piston,0
83900,Single Engine Piston,0
15000,Single Engine Piston,0
62900,Single Engine Piston,0
24950,Single Engine Piston,0
370000,Single Engine Piston,0
51700,Single Engine Piston,0
337000,Single Engine Piston,0
19900,Single Engine Piston,0
76500,Multi Engine Piston,6
75000,Single Engine Piston,0
68500,Private Jets,2
68000,Private Jets,2
29000,Single Engine Piston,0
199000,Single Engine Piston,0
110000,Multi Engine Piston,6
799000,Single Engine Piston,0
1300000,Turboprop,9
79999,Single Engine Piston,0
36500,Single Engine Piston,0
32500,Single Engine Piston,0
35000,Single Engine Piston,0
89000,Single Engine Piston,0
21000,Single Engine Piston,0
39500,Single Engine Piston,0
37500,Single Engine Piston,0
82500,Single Engine Piston,0
64900,Multi Engine Piston,6
28500,Single Engine Piston,0
329000,Single Engine Piston,0
25900,Single Engine Piston,0
119000,Single Engine Piston,0
299000,Multi Engine Piston,6
3250000,Private Jets,7
109000,Single Engine Piston,0
19900,Single Engine Piston,0
40000,Single Engine Piston,0
63500,Single Engine Piston,0
19000,Single Engine Piston,0
61500,Single Engine Piston,0
89900,Single Engine Piston,0
98900,Single Engine Piston,0
134900,Single Engine Piston,0
52000,Single Engine Piston,0
55000,Single Engine Piston,0
195000,Multi Engine Piston,6
67900,Single Engine Piston,0
58500,Single Engine Piston,0
80000,Single Engine Piston,0
79500,Multi Engine Piston,6
85000,Multi Engine Piston,6
75000,Single Engine Piston,0
50000,Multi Engine Piston,6
40000,Single Engine Piston,0
22900,Single Engine Piston,0
55000,Single Engine Piston,0
59900,Multi Engine Piston,6
159000,Multi Engine Piston,6
135500,Multi Engine Piston,6
39900,Single Engine Piston,0
3995,Single Engine Piston,0
225000,Private Jets,2
149500,Multi Engine Piston,6
54000,Multi Engine Piston,6
56500,Single Engine Piston,0
54999,Single Engine Piston,0
36700,Multi Engine Piston,6
379000,Multi Engine Piston,6
130000,Single Engine Piston,0
79900,Single Engine Piston,0
79900,Single Engine Piston,0
79900,Single Engine Piston,0
79950,Single Engine Piston,0
75000,Single Engine Piston,0
65000,Single Engine Piston,0
37000,Single Engine Piston,0
35000,Single Engine Piston,0
29400,Single Engine Piston,0
59000,Single Engine Piston,0
39900,Multi Engine Piston,6
94000,Single Engine Piston,0
63900,Single Engine Piston,0
77500,Single Engine Piston,0
29900,Single Engine Piston,0
39000,Single Engine Piston,0
64900,Single Engine Piston,0
69000,Single Engine Piston,0
120000,Single Engine Piston,0
39900,Single Engine Piston,0
110000,Single Engine Piston,0
89000,Single Engine Piston,0
79900,Private Jets,2
28000,Single Engine Piston,0
57500,Single Engine Piston,0
95000,Single Engine Piston,0
92500,Single Engine Piston,0
94900,Single Engine Piston,0
24500,Single Engine Piston,0
54900,Single Engine Piston,0
119000,Multi Engine Piston,6
99900,Multi Engine Piston,6
89000,Multi Engine Piston,6
174900,Piston Helicopters,1
675000,Turbine Helicopters,3
59000,Single Engine Piston,0
31000,Single Engine Piston,0
29000,Single Engine Piston,0
30000,Single Engine Piston,0
49000,Single Engine Piston,0
245000,Single Engine Piston,0
73500,Single Engine Piston,0
69500,Single Engine Piston,0
145000,Single Engine Piston,0
130000,Single Engine Piston,0
59900,Multi Engine Piston,6
102500,Single Engine Piston,0
111500,Single Engine Piston,0
1600000,Single Engine Piston,0
675000,Single Engine Piston,0
36500,Single Engine Piston,0
69500,Single Engine Piston,0
32500,Single Engine Piston,0
34500,Single Engine Piston,0
35000,Single Engine Piston,0
27000,Single Engine Piston,0
85000,Single Engine Piston,0
85000,Single Engine Piston,0
69500,Multi Engine Piston,6
19900,Multi Engine Piston,6
95000,Multi Engine Piston,6
104900,Multi Engine Piston,6
39900,Single Engine Piston,0
119000,Multi Engine Piston,6
399000,Turboprop,3
89900,Single Engine Piston,0
23900,Single Engine Piston,0
33000,Single Engine Piston,0
22500,Single Engine Piston,0
179000,Single Engine Piston,0
54900,Single Engine Piston,0
129000,Multi Engine Piston,6
109900,Single Engine Piston,0
155000,Piston Helicopters,1
17000,Single Engine Piston,0
59999,Single Engine Piston,0
9900,Single Engine Piston,0
15000,Single Engine Piston,0
120000,Single Engine Piston,0
150000,Multi Engine Piston,6
105000,Multi Engine Piston,6
49900,Single Engine Piston,0
64900,Single Engine Piston,0
72000,Single Engine Piston,0
40000,Single Engine Piston,0
48500,Single Engine Piston,0
72000,Single Engine Piston,0
94900,Single Engine Piston,0
105000,Single Engine Piston,0
79950,Multi Engine Piston,6
159500,Single Engine Piston,0
75000,Single Engine Piston,0
110000,Multi Engine Piston,6
60000,Single Engine Piston,0
26900,Single Engine Piston,0
64999,Single Engine Piston,0
75000,Single Engine Piston,0
86900,Single Engine Piston,0
49500,Single Engine Piston,0
120000,Single Engine Piston,0
35000,Multi Engine Piston,6
169000,Single Engine Piston,0
109000,Multi Engine Piston,6
3450000,Turboprop,8
36000,Single Engine Piston,0
65000,Single Engine Piston,0
42999,Single Engine Piston,0
65000,Single Engine Piston,0
55000,Single Engine Piston,0
79800,Single Engine Piston,0
33000,Single Engine Piston,0
41000,Single Engine Piston,0
46900,Single Engine Piston,0
89900,Single Engine Piston,0
99900,Multi Engine Piston,6
110000,Single Engine Piston,0
94900,Multi Engine Piston,6
99000,Multi Engine Piston,6
124000,Multi Engine Piston,6
129900,Multi Engine Piston,6
109900,Single Engine Piston,0
595000,Turboprop,3
54500,Single Engine Piston,0
29900,Single Engine Piston,0
49900,Single Engine Piston,0
165000,Multi Engine Piston,6
149000,Multi Engine Piston,6
27900,Single Engine Piston,0
32500,Single Engine Piston,0
59900,Single Engine Piston,0
52500,Single Engine Piston,0
72000,Single Engine Piston,0
72000,Single Engine Piston,0
210000,Single Engine Piston,0
149900,Multi Engine Piston,6
36000,Single Engine Piston,0
25000,Single Engine Piston,0
29500,Single Engine Piston,0
59900,Single Engine Piston,0
41900,Single Engine Piston,0
40000,Single Engine Piston,0
72000,Single Engine Piston,0
63500,Single Engine Piston,0
339500,Multi Engine Piston,6
127000,Multi Engine Piston,6
129000,Multi Engine Piston,6
550000,Turboprop,3
375000,Turboprop,3
299500,Turbine Helicopters,3
42500,Single Engine Piston,0
7000,Single Engine Piston,0
40000,Single Engine Piston,0
72000,Single Engine Piston,0
79864,Single Engine Piston,0
144900,Single Engine Piston,0
98000,Single Engine Piston,0
79950,Single Engine Piston,0
70000,Multi Engine Piston,6
89000,Multi Engine Piston,6
229000,Multi Engine Piston,6
189000,Multi Engine Piston,6
99900,Multi Engine Piston,6
115000,Multi Engine Piston,6
169000,Multi Engine Piston,6
165000,Single Engine Piston,0
36000,Single Engine Piston,0
58500,Single Engine Piston,0
26500,Single Engine Piston,0
78500,Single Engine Piston,0
225000,Turboprop,3
349000,Turboprop,3
89000,Single Engine Piston,0
70000,Multi Engine Piston,6
59000,Single Engine Piston,0
105000,Single Engine Piston,0
134900,Single Engine Piston,0
265000,Private Jets,2
89900,Single Engine Piston,0
185000,Multi Engine Piston,6
179000,Multi Engine Piston,6
60900,Multi Engine Piston,6
52000,Single Engine Piston,0
98900,Single Engine Piston,0
59900,Single Engine Piston,0
82000,Single Engine Piston,0
55500,Single Engine Piston,0
22900,Single Engine Piston,0
69000,Single Engine Piston,0
79000,Single Engine Piston,0
139000,Single Engine Piston,0
72000,Single Engine Piston,0
124950,Single Engine Piston,0
85000,Single Engine Piston,0
179000,Single Engine Piston,0
112500,Single Engine Piston,0
59900,Multi Engine Piston,6
139500,Multi Engine Piston,6
199000,Multi Engine Piston,6
214900,Multi Engine Piston,6
230000,Multi Engine Piston,6
119750,Multi Engine Piston,6
299900,Multi Engine Piston,6
239000,Multi Engine Piston,6
169000,Multi Engine Piston,6
200000,Single Engine Piston,0
695000,Private Jets,2
110000,Single Engine Piston,0
27900,Single Engine Piston,0
62000,Single Engine Piston,0
26900,Single Engine Piston,0
115000,Multi Engine Piston,6
87500,Single Engine Piston,0
220000,Multi Engine Piston,6
109000,Multi Engine Piston,6
147000,Multi Engine Piston,6
115000,Multi Engine Piston,6
85000,Multi Engine Piston,6
255000,Single Engine Piston,0
205500,Single Engine Piston,0
249000,Single Engine Piston,0
198000,Single Engine Piston,0
225000,Multi Engine Piston,6
142000,Multi Engine Piston,6
119000,Multi Engine Piston,6
230000,Multi Engine Piston,6
119500,Single Engine Piston,0
299000,Private Jets,2
144900,Single Engine Piston,0
279500,Multi Engine Piston,6
64900,Single Engine Piston,0
69000,Single Engine Piston,0
69900,Single Engine Piston,0
59000,Single Engine Piston,0
72000,Single Engine Piston,0
128500,Single Engine Piston,0
185000,Multi Engine Piston,6
105000,Multi Engine Piston,6
89000,Single Engine Piston,0
249000,Multi Engine Piston,6
299000,Multi Engine Piston,6
169500,Single Engine Piston,0
109900,Multi Engine Piston,6
45000,Single Engine Piston,0
439000,Turboprop,3
169000,Single Engine Piston,0
49900,Single Engine Piston,0
41000,Single Engine Piston,0
29900,Single Engine Piston,0
85000,Single Engine Piston,0
46000,Single Engine Piston,0
122000,Single Engine Piston,0
89000,Single Engine Piston,0
160000,Single Engine Piston,0
179900,Single Engine Piston,0
105000,Single Engine Piston,0
225000,Single Engine Piston,0
144000,Single Engine Piston,0
250000,Single Engine Piston,0
85000,Single Engine Piston,0
110000,Single Engine Piston,0
349000,Multi Engine Piston,6
395000,Multi Engine Piston,6
126900,Single Engine Piston,0
99000,Single Engine Piston,0
99000,Single Engine Piston,0
2500000,Turboprop,9
106000,Single Engine Piston,0
63500,Single Engine Piston,0
95000,Single Engine Piston,0
179500,Multi Engine Piston,6
129900,Multi Engine Piston,6
410000,Turboprop,3
89300,Single Engine Piston,0
89000,Single Engine Piston,0
115000,Single Engine Piston,0
145000,Multi Engine Piston,6
69900,Multi Engine Piston,6
138000,Multi Engine Piston,6
59900,Single Engine Piston,0
135750,Multi Engine Piston,6
165000,Multi Engine Piston,6
189900,Single Engine Piston,0
169000,Single Engine Piston,0
109000,Multi Engine Piston,6
129000,Multi Engine Piston,6
62000,Single Engine Piston,0
60000,Single Engine Piston,0
200000,Multi Engine Piston,6
165000,Multi Engine Piston,6
139000,Single Engine Piston,0
99900,Single Engine Piston,0
149900,Multi Engine Piston,6
95000,Multi Engine Piston,6
125500,Single Engine Piston,0
169000,Multi Engine Piston,6
365000,Turbine Helicopters,3
59500,Single Engine Piston,0
60000,Multi Engine Piston,6
122900,Single Engine Piston,0
149000,Multi Engine Piston,6
49900,Single Engine Piston,0
65000,Single Engine Piston,0
12000,Single Engine Piston,0
82300,Single Engine Piston,0
44000,Single Engine Piston,0
43900,Single Engine Piston,0
19000,Single Engine Piston,0
33900,Single Engine Piston,0
89000,Single Engine Piston,0
27900,Single Engine Piston,0
58000,Single Engine Piston,0
52250,Single Engine Piston,0
160500,Single Engine Piston,0
175000,Private Jets,2
81000,Single Engine Piston,0
107500,Single Engine Piston,0
38500,Single Engine Piston,0
65000,Single Engine Piston,0
65000,Single Engine Piston,0
90000,Single Engine Piston,0
57000,Single Engine Piston,0
79900,Single Engine Piston,0
110000,Multi Engine Piston,6
89995,Single Engine Piston,0
128000,Single Engine Piston,0
105000,Piston Helicopters,1
69900,Single Engine Piston,0
79900,Multi Engine Piston,6
117500,Single Engine Piston,0
159000,Single Engine Piston,0
49000,Single Engine Piston,0
25000,Single Engine Piston,0
21500,Single Engine Piston,0
10000,Single Engine Piston,0
39800,Single Engine Piston,0
2500000,Single Engine Piston,0
325000,Multi Engine Piston,6
39000,Single Engine Piston,0
45000,Single Engine Piston,0
110000,Single Engine Piston,0
90000,Single Engine Piston,0
101950,Single Engine Piston,0
34900,Single Engine Piston,0
38500,Single Engine Piston,0
38000,Single Engine Piston,0
55000,Single Engine Piston,0
40000,Single Engine Piston,0
429000,Turboprop,3
219000,Multi Engine Piston,6
50000,Single Engine Piston,0
57000,Single Engine Piston,0
139000,Single Engine Piston,0
39000,Single Engine Piston,0
3000000,Private Jets,2
2695000,Turboprop,9
116500,Single Engine Piston,0
60000,Single Engine Piston,0
809000,Single Engine Piston,0
219000,Single Engine Piston,0
491000,Piston Helicopters,1
193887,Single Engine Piston,0
16750000,Private Jets,4
11200000,Private Jets,5
11400000,Private Jets,5
17500000,Private Jets,4
10750000,Private Jets,5
11750000,Private Jets,5
10175000,Private Jets,5
10995000,Private Jets,5
9950000,Private Jets,5
9950000,Private Jets,5
11950000,Private Jets,5
12500000,Private Jets,5
12250000,Private Jets,5
12900000,Private Jets,5
12980000,Private Jets,5
12995000,Private Jets,5
13000000,Private Jets,5
14495000,Private Jets,4
14900000,Private Jets,4
16500000,Private Jets,4
8975000,Private Jets,5
9750000,Private Jets,5
8950000,Turbine Helicopters,7
9900000,Private Jets,5
8600000,Private Jets,5
9850000,Private Jets,5
6500000,Private Jets,7
6750000,Private Jets,7
6950000,Private Jets,7
6800000,Private Jets,7
6995000,Private Jets,7
6995000,Private Jets,7
7195000,Private Jets,7
7200000,Private Jets,7
7295000,Private Jets,7
7450000,Private Jets,7
7800000,Private Jets,5
7995000,Private Jets,5
8500000,Turbine Helicopters,7
6950000,Private Jets,7
5995000,Private Jets,7
5950000,Multi Turboprops,2
4495000,Turbine Helicopters,8
4500000,Private Jets,7
4750000,Turbine Helicopters,8
4850000,Private Jets,7
4750000,Turbine Helicopters,8
4900000,Turbine Helicopters,8
4900000,Turbine Helicopters,8
4950000,Private Jets,7
4950000,Private Jets,7
4950000,Turbine Helicopters,8
4995000,Private Jets,7
5250000,Private Jets,7
5295000,Private Jets,7
5490000,Private Jets,7
5500000,Private Jets,7
5695000,Private Jets,7
5700000,Private Jets,7
5700000,Private Jets,7
3995000,Multi Turboprops,8
3995000,Private Jets,7
3995000,Private Jets,7
3595000,Multi Turboprops,8
3650000,Private Jets,7
3600000,Private Jets,7
3700000,Private Jets,7
3750000,Multi Turboprops,8
3795000,Private Jets,7
3800000,Private Jets,7
3950000,Turbine Helicopters,8
3950000,Private Jets,7
3950000,Private Jets,7
3995000,Private Jets,7
4100000,Turbine Helicopters,8
4395000,Private Jets,7
4300000,Multi Turboprops,8
3795000,Private Jets,7
3750000,Multi Turboprops,8
3550000,Private Jets,7
3500000,Turbine Helicopters,8
3575000,Private Jets,7
3000000,Turbine Helicopters,8
3095000,Turbine Helicopters,8
3095000,Private Jets,7
3195000,Private Jets,7
3250000,Private Jets,7
3200000,Private Jets,7
3250000,Private Jets,7
3295000,Private Jets,7
3300000,Turbine Helicopters,8
3350000,Private Jets,7
3399000,Multi Turboprops,8
3400000,Private Jets,7
3495000,Private Jets,7
3495000,Private Jets,7
3450000,Private Jets,7
3495000,Turbine Helicopters,8
4450000,Turbine Helicopters,8
3300000,Military / Classic / Vintage,9
3000000,Multi Turboprops,8
2700000,Turbine Helicopters,8
2725000,Turbine Helicopters,8
2700000,Multi Turboprops,8
2750000,Turbine Helicopters,8
2790000,Private Jets,2
2700000,Turbine Helicopters,8
2695000,Private Jets,2
2795000,Private Jets,2
2795000,Private Jets,2
2800000,Turbine Helicopters,8
2800000,Multi Turboprops,8
2925000,Private Jets,2
2950000,Private Jets,2
2995000,Private Jets,2
2995000,Multi Turboprops,8
3000000,Private Jets,2
2690000,Turbine Helicopters,8
2950000,Private Jets,2
2950000,Turbine Helicopters,8
2595000,Private Jets,2
2600000,Multi Turboprops,8
2650000,Multi Turboprops,8
2675000,Private Jets,2
2650000,Multi Turboprops,8
2350000,Multi Turboprops,9
2350000,Turbine Helicopters,9
2400000,Private Jets,2
2400000,Turbine Helicopters,9
2400000,Private Jets,2
2450000,Private Jets,2
2450000,Multi Turboprops,8
2490000,Turbine Helicopters,9
2495000,Private Jets,2
2495000,Private Jets,2
2500000,Multi Turboprops,8
2495000,Private Jets,2
2500000,Turbine Helicopters,9
2550000,Private Jets,2
2320000,Turbine Helicopters,9
2450000,Private Jets,2
1995000,Private Jets,2
1995000,Multi Turboprops,9
1995000,Private Jets,2
1999000,Turbine Helicopters,9
2095000,Private Jets,2
2100000,Military / Classic / Vintage,9
2100000,Private Jets,2
2100000,Turbine Helicopters,9
2150000,Private Jets,2
2175000,Multi Turboprops,9
2195000,Private Jets,2
2200000,Multi Turboprops,9
2200000,Multi Turboprops,9
2295000,Private Jets,2
2250000,Military / Classic / Vintage,9
2295000,Private Jets,2
2295000,Private Jets,2
2300000,Turbine Helicopters,9
2000000,Turbine Helicopters,9
1950000,Multi Turboprops,9
1950000,Private Jets,2
1750000,Multi Turboprops,9
1750000,Turbine Helicopters,9
1795000,Private Jets,2
1775000,Private Jets,2
1800000,Multi Turboprops,9
1895000,Turbine Helicopters,9
1900000,Private Jets,2
1900000,Private Jets,2
1900000,Private Jets,2
1900000,Multi Turboprops,9
1950000,Private Jets,2
1950000,Military / Classic / Vintage,9
1950000,Turbine Helicopters,9
1990000,Turbine Helicopters,9
1990000,Multi Turboprops,9
1895000,Multi Turboprops,9
1749000,Private Jets,2
1750000,Single Piston,3
1725000,Multi Turboprops,9
1600000,Private Jets,2
1600000,Military / Classic / Vintage,3
1600000,Turbine Helicopters,9
1600000,Multi Turboprops,9
1650000,Multi Turboprops,9
1650000,Multi Turboprops,9
1650000,Turbine Helicopters,9
1650000,Turbine Helicopters,9
1650000,Turbine Helicopters,9
1690000,Turbine Helicopters,9
1695000,Multi Turboprops,9
1695000,Turbine Helicopters,9
1695000,Private Jets,2
1695000,Private Jets,2
1695000,Multi Turboprops,9
1645000,Private Jets,2
1595000,Multi Turboprops,9
1850000,Private Jets,2
1595000,Private Jets,2
1500000,Turbine Helicopters,9
1495000,Multi Turboprops,9
1475000,Private Jets,2
1475000,Turbine Helicopters,9
1490000,Turbine Helicopters,9
1495000,Multi Turboprops,9
1495000,Private Jets,2
1495000,Private Jets,2
1495000,Turbine Helicopters,9
1500000,Turbine Helicopters,9
1500000,Multi Turboprops,9
1500000,Turbine Helicopters,9
1550000,Turbine Helicopters,9
1575000,Multi Turboprops,9
1550000,Turbine Helicopters,9
1595000,Private Jets,2
1595000,Private Jets,2
1595000,Private Jets,2
1725000,Multi Turboprops,9
1500000,Turbine Helicopters,9
1450000,Turbine Helicopters,9
1347000,Turbine Helicopters,9
1350000,Multi Turboprops,9
1350000,Turbine Helicopters,9
1375000,Turbine Helicopters,9
1390000,Turbine Helicopters,9
1395000,Multi Turboprops,9
1395000,Private Jets,2
1395000,Private Jets,2
1395000,Turbine Helicopters,9
1399000,Turbine Helicopters,9
1400000,Multi Turboprops,9
1400000,Private Jets,2
1400000,Turbine Helicopters,9
1410325,Twin Piston,3
1417560,Twin Piston,3
1430825,Twin Piston,3
1445000,Private Jets,2
1350000,Turbine Helicopters,9
1300000,Private Jets,2
1300000,Private Jets,2
1250000,Private Jets,2
1250000,Private Jets,2
1250000,Private Jets,2
1250000,Turbine Helicopters,9
1250000,Multi Turboprops,9
1250000,Turbine Helicopters,9
1254000,Private Jets,2
1270000,Multi Turboprops,9
1295000,Private Jets,2
1295000,Multi Turboprops,9
1295000,Multi Turboprops,9
1295000,Multi Turboprops,9
1295000,Private Jets,2
1295000,Private Jets,2
1295000,Multi Turboprops,9
1325000,Turbine Helicopters,9
1320000,Turbine Helicopters,9
1345000,Turbine Helicopters,9
1375000,Turbine Helicopters,9
1250000,Multi Turboprops,9
1195000,Private Jets,2
1195000,Private Jets,2
1195000,Private Jets,2
1200000,Military / Classic / Vintage,3
1200000,Turbine Helicopters,9
1150000,Private Jets,2
1150000,Private Jets,2
1150000,Private Jets,2
1150000,Turbine Helicopters,9
1175000,Turbine Helicopters,9
1195000,Private Jets,2
1200000,Multi Turboprops,9
1200000,Private Jets,2
1200000,Multi Turboprops,9
1200000,Turbine Helicopters,9
1225000,Multi Turboprops,9
1245000,Turbine Helicopters,9
1100000,Multi Turboprops,9
1100000,Multi Turboprops,9
1150000,Private Jets,2
1150000,Turbine Helicopters,9
1150000,Multi Turboprops,9
1150000,Private Jets,2
999000,Multi Turboprops,9
999900,Turbine Helicopters,3
1000000,Private Jets,2
1000000,Turbine Helicopters,3
1025000,Turbine Helicopters,3
1050000,Multi Turboprops,9
1049000,Single Piston,1
1050000,Multi Turboprops,9
1075000,Private Jets,2
1075000,Turbine Helicopters,3
1080000,Turbine Helicopters,3
1080000,Turbine Helicopters,3
1090000,Turbine Helicopters,3
1200000,Turbine Helicopters,9
1099000,Turbine Helicopters,9
995000,Private Jets,2
1225000,Multi Turboprops,9
899000,Multi Turboprops,9
899000,Multi Turboprops,9
899000,Single Piston,1
899000,Multi Turboprops,9
899900,Single Piston,1
922000,Turbine Helicopters,3
895000,Turbine Helicopters,3
895000,Multi Turboprops,9
950000,Turbine Helicopters,3
950000,Multi Turboprops,9
985000,Turbine Helicopters,3
990000,Multi Turboprops,9
990000,Multi Turboprops,9
995000,Private Jets,2
995000,Turbine Helicopters,3
995000,Private Jets,2
995000,Multi Turboprops,9
995000,Private Jets,2
985000,Private Jets,2
895000,Private Jets,2
845000,Private Jets,2
849000,Multi Turboprops,3
849000,Multi Turboprops,3
850000,Private Jets,2
850000,Turbine Helicopters,3
865000,Single Piston,1
875000,Turbine Helicopters,3
875000,Private Jets,2
889000,Single Piston,1
889000,Single Piston,1
889000,Single Piston,1
890000,Turbine Helicopters,3
890000,Turbine Helicopters,3
895000,Multi Turboprops,9
850000,Turbine Helicopters,3
855000,Turbine Helicopters,3
850000,Turbine Helicopters,3
845000,Single Piston,1
815000,Turbine Helicopters,3
775000,Turbine Helicopters,3
775000,Private Jets,2
775000,Turbine Helicopters,3
775000,Single Piston,1
795000,Multi Turboprops,3
795000,Multi Turboprops,3
795000,Private Jets,2
795000,Private Jets,2
800000,Private Jets,2
799000,Single Piston,1
800000,Multi Turboprops,3
809000,Single Piston,1
819000,Single Piston,1
825000,Multi Turboprops,3
825000,Turbine Helicopters,3
825000,Private Jets,2
795000,Single Piston,1
879000,Multi Turboprops,9
745000,Single Piston,1
749000,Single Piston,1
695000,Multi Turboprops,3
695000,Multi Turboprops,3
699000,Turbine Helicopters,3
699000,Turbine Helicopters,3
699000,Turbine Helicopters,3
700000,Multi Turboprops,3
700000,Turbine Helicopters,3
709000,Single Piston,1
710000,Turbine Helicopters,3
725000,Private Jets,2
725000,Turbine Helicopters,3
725000,Single Piston,1
730000,Private Jets,2
735000,Turbine Helicopters,3
742000,Multi Turboprops,3
745000,Multi Turboprops,3
750000,Turbine Helicopters,3
700000,Turbine Helicopters,3
830000,Turbine Helicopters,3
815000,Multi Turboprops,3
695000,Turbine Helicopters,3
695000,Turbine Helicopters,3
695000,Turbine Helicopters,3
650000,Turbine Helicopters,3
650000,Turbine Helicopters,3
650000,Private Jets,2
650000,Turbine Helicopters,3
650000,Single Piston,1
650000,Single Piston,1
660000,Turbine Helicopters,3
675000,Turbine Helicopters,3
669000,Single Piston,1
680000,Turbine Helicopters,3
680000,Turbine Helicopters,3
685000,Turbine Helicopters,3
680000,Turbine Helicopters,3
689000,Single Piston,1
695000,Turbine Helicopters,3
655000,Single Piston,1
645000,Multi Turboprops,3
695000,Turbine Helicopters,3
649000,Private Jets,2
649000,Multi Turboprops,3
649000,Single Piston,1
649500,Private Jets,2
650000,Multi Turboprops,3
595000,Turbine Helicopters,3
595000,Multi Turboprops,3
595000,Turbine Helicopters,3
615000,Single Piston,1
599995,Turbine Helicopters,3
625000,Piston Helicopters,1
625000,Turbine Helicopters,3
625000,Single Piston,1
625000,Single Piston,1
640000,Single Piston,1
645000,Multi Turboprops,3
639000,Single Piston,1
625000,Turbine Helicopters,3
550000,Single Piston,1
555000,Multi Turboprops,3
555000,Single Piston,1
559000,Single Piston,1
559000,Single Piston,1
559000,Turbine Helicopters,3
560000,Single Piston,1
569000,Single Piston,1
574000,Piston Helicopters,1
575000,Single Piston,1
575000,Turbine Helicopters,3
585000,Turbine Helicopters,3
575000,Twin Piston,1
589000,Single Piston,1
595000,Private Jets,2
575000,Single Piston,1
595000,Multi Turboprops,3
595000,Multi Turboprops,3
619000,Piston Helicopters,1
499000,Single Piston,1
499000,Turbine Helicopters,3
499900,Single Piston,1
500000,Private Jets,2
595000,Multi Turboprops,3
520760,Piston Helicopters,1
525000,Turbine Helicopters,3
532000,Piston Helicopters,1
535000,Turbine Helicopters,3
549000,Single Piston,1
549000,Single Piston,1
550000,Turbine Helicopters,3
550000,Private Jets,2
550000,Turbine Helicopters,3
550000,Turbine Helicopters,3
550000,Turbine Helicopters,3
550000,Multi Turboprops,3
550000,Private Jets,2
550000,Multi Turboprops,3
505850,Turbine Helicopters,3
595000,Multi Turboprops,3
595000,Private Jets,2
495000,Turbine Helicopters,3
450000,Multi Turboprops,3
450000,Multi Turboprops,3
450000,Turbine Helicopters,3
450000,Single Piston,1
450000,Single Piston,1
459900,Single Piston,1
459000,Single Piston,1
469000,Turbine Helicopters,3
480000,Multi Turboprops,3
485000,Turbine Helicopters,3
489000,Piston Helicopters,1
485000,Single Piston,1
490000,Turbine Helicopters,3
495000,Turbine Helicopters,3
495000,Turbine Helicopters,3
495000,Turbine Helicopters,3
455000,Piston Helicopters,1
449000,Turbine Helicopters,3
450000,Single Piston,1
400000,Turbine Helicopters,3
419000,Single Piston,1
419900,Twin Piston,1
420000,Turbine Helicopters,3
420000,Twin Piston,1
420000,Turbine Helicopters,3
420000,Piston Helicopters,1
425000,Single Piston,1
425000,Turbine Helicopters,3
425000,Turbine Helicopters,3
430000,Military / Classic / Vintage,3
430000,Piston Helicopters,1
439000,Single Piston,1
440000,Turbine Helicopters,3
444000,Piston Helicopters,1
445000,Turbine Helicopters,3
446000,Piston Helicopters,1
419000,Single Piston,1
375000,Single Piston,1
375000,Military / Classic / Vintage,3
375000,Multi Turboprops,3
375000,Military / Classic / Vintage,3
375000,Twin Piston,1
379500,Twin Piston,1
385000,Turbine Helicopters,3
385000,Private Jets,2
390000,Turbine Helicopters,3
390000,Piston Helicopters,1
390000,Turbine Helicopters,3
395000,Private Jets,2
395000,Turbine Helicopters,3
395000,Turbine Helicopters,3
395000,Private Jets,2
395000,Private Jets,2
399000,Piston Helicopters,1
399000,Private Jets,2
379000,Twin Piston,1
438000,Single Piston,1
339000,Piston Helicopters,1
335900,Piston Helicopters,1
340000,Piston Helicopters,1
339600,Single Piston,1
345000,Turbine Helicopters,3
345000,Piston Helicopters,1
347000,Piston Helicopters,1
349000,Twin Piston,1
349000,Twin Piston,1
349000,Private Jets,2
349500,Single Piston,1
349500,Single Piston,1
350000,Turbine Helicopters,3
350000,Turbine Helicopters,3
350000,Turbine Helicopters,3
358000,Piston Helicopters,1
365000,Single Piston,1
360000,Twin Piston,1
375000,Private Jets,2
345000,Single Piston,1
400000,Twin Piston,1
495000,Private Jets,2
330000,Turbine Helicopters,3
300000,Private Jets,2
302100,Single Piston,1
310000,Twin Piston,1
310000,Piston Helicopters,1
312000,Single Piston,1
315000,Single Piston,1
320000,Turbine Helicopters,3
320000,Piston Helicopters,1
320000,Turbine Helicopters,3
325000,Multi Turboprops,3
325000,Turbine Helicopters,3
327000,Single Piston,1
329000,Single Piston,1
327000,Single Piston,1
329000,Single Piston,1
333000,Piston Helicopters,1
335000,Single Piston,1
310000,Turbine Helicopters,3
310000,Piston Helicopters,1
299000,Piston Helicopters,1
299000,Single Piston,1
272000,Piston Helicopters,1
275000,Private Jets,2
275000,Single Piston,1
279000,Single Piston,1
279000,Single Piston,1
290000,Single Piston,1
280000,Single Piston,1
295000,Single Piston,1
295000,Single Piston,1
295000,Piston Helicopters,1
295000,Single Piston,1
295000,Piston Helicopters,1
298000,Piston Helicopters,1
299000,Single Piston,1
299000,Twin Piston,1
299500,Single Piston,1
300000,Turbine Helicopters,3
279950,Piston Helicopters,1
270000,Piston Helicopters,1
255000,Single Piston,1
259000,Single Piston,1
259000,Single Piston,1
259500,Single Piston,1
230000,Piston Helicopters,1
239000,Single Piston,1
242000,Single Piston,1
245000,Single Piston,1
245000,Multi Turboprops,3
249000,Twin Piston,1
249000,Single Piston,1
260000,Single Piston,1
260000,Turbine Helicopters,3
260000,Twin Piston,1
269000,Single Piston,1
260000,Piston Helicopters,1
270000,Turbine Helicopters,3
270000,Piston Helicopters,1
250000,Turbine Helicopters,3
230000,Single Piston,1
190000,Single Piston,1
190000,Military / Classic / Vintage,3
195000,Multi Turboprops,3
199000,Twin Piston,1
205000,Single Piston,1
210000,Single Piston,1
215000,Single Piston,1
215000,Single Piston,1
215000,Single Piston,1
219000,Single Piston,1
219000,Twin Piston,1
220000,Twin Piston,1
220000,Ultralight,1
225000,Piston Helicopters,1
229000,Single Piston,1
229500,Single Piston,1
230000,Turbine Helicopters,3
199950,Single Piston,1
201000,Single Piston,1
190000,Single Piston,1
169950,Twin Piston,1
165000,Single Piston,1
175000,Single Piston,1
175000,Twin Piston,1
179000,Single Piston,1
176900,Single Piston,1
179000,Single Piston,1
180000,Piston Helicopters,1
180000,Turbine Helicopters,3
180000,Military / Classic / Vintage,3
185000,Piston Helicopters,1
185000,Multi Turboprops,3
185000,Twin Piston,1
187000,Single Piston,1
189000,Twin Piston,1
189500,Single Piston,1
189500,Single Piston,1
189995,Single Piston,1
179000,Piston Helicopters,1
159000,Piston Helicopters,1
160000,Twin Piston,1
160000,Twin Piston,1
115000,Single Piston,1
125000,Twin Piston,1
120000,Single Piston,1
129400,Military / Classic / Vintage,3
125000,Single Piston,1
130000,Twin Piston,1
130000,Turbine Helicopters,3
135000,Single Piston,1
135000,Piston Helicopters,1
139900,Single Piston,1
139500,Twin Piston,1
145000,Single Piston,1
150000,Military / Classic / Vintage,3
150000,Single Piston,1
150000,Private Jets,2
162500,Single Piston,1
130000,Single Piston,1
115000,Twin Piston,1
89995,Single Piston,1
92500,Twin Piston,1
92950,Twin Piston,1
95000,Piston Helicopters,1
95000,Piston Helicopters,1
99000,Single Piston,1
110000,Single Piston,1
110000,Piston Helicopters,1
110000,Single Piston,1
110000,Military / Classic / Vintage,1
110000,Single Piston,1
111000,Single Piston,1
96000,Military / Classic / Vintage,1
100000,Twin Piston,1
95000,Single Piston,1
90000,Piston Helicopters,1
88000,Single Piston,1
87995,Single Piston,1
55000,Single Piston,1
48500,Single Piston,1
50000,Single Piston,1
55000,Single Piston,1
59000,Single Piston,1
63000,Military / Classic / Vintage,1
65000,Single Piston,1
65000,Turbine Helicopters,3
68595,Single Piston,1
70000,Gyrocopter,1
75000,Multi Turboprops,3
78500,Military / Classic / Vintage,1
79000,Single Piston,1
79500,Single Piston,1
60000,Single Piston,1
60000,Single Piston,1
115000,Single Piston,1
49000,Piston Helicopters,1
58500,Single Piston,1
44000,Single Piston,1
18900,Single Piston,1
22000,Single Piston,1
24950,Single Piston,1
22850,Single Piston,1
26999,Single Piston,1
28000,Single Piston,1
31000,Single Piston,1
34500,Single Piston,1
36000,Single Piston,1
36000,Single Piston,1
36000,Single Piston,1
36500,Single Piston,1
69000,Single Piston,1
